[
  { "name": "California Los Angeles Mission", "headquarters": "Los Angeles, CA", "country": "United States" },
  { "name": "California San Diego Mission", "headquarters": "San Diego, CA", "country": "United States" },
  { "name": "California Oakland Mission", "headquarters": "Oakland, CA", "country": "United States" },
  { "name": "California Sacramento Mission", "headquarters": "Sacramento, CA", "country": "United States" },
  { "name": "California Fresno Mission", "headquarters": "Fresno, CA", "country": "United States" },
  { "name": "Utah Salt Lake City Mission", "headquarters": "Salt Lake City, UT", "country": "United States" },
  { "name": "Utah Salt Lake City South Mission", "headquarters": "Salt Lake City, UT", "country": "United States" },
  { "name": "Utah Provo Mission", "headquarters": "Provo, UT", "country": "United States" },
  { "name": "Utah Orem Mission", "headquarters": "Orem, UT", "country": "United States" },
  { "name": "Arizona Phoenix Mission", "headquarters": "Phoenix, AZ", "country": "United States" },
  { "name": "Arizona Tempe Mission", "headquarters": "Tempe, AZ", "country": "United States" },
  { "name": "Arizona Mesa Mission", "headquarters": "Mesa, AZ", "country": "United States" },
  { "name": "Colorado Denver Mission", "headquarters": "Denver, CO", "country": "United States" },
  { "name": "Colorado Colorado Springs Mission", "headquarters": "Colorado Springs, CO", "country": "United States" },
  { "name": "Texas Houston Mission", "headquarters": "Houston, TX", "country": "United States" },
  { "name": "Texas Dallas Mission", "headquarters": "Dallas, TX", "country": "United States" },
  { "name": "Texas San Antonio Mission", "headquarters": "San Antonio, TX", "country": "United States" },
  { "name": "Texas Austin Mission", "headquarters": "Austin, TX", "country": "United States" },
  { "name": "Washington Seattle Mission", "headquarters": "Seattle, WA", "country": "United States" },
  { "name": "Oregon Portland Mission", "headquarters": "Portland, OR", "country": "United States" },
  { "name": "Nevada Las Vegas Mission", "headquarters": "Las Vegas, NV", "country": "United States" },
  { "name": "New York New York City Mission", "headquarters": "New York, NY", "country": "United States" },
  { "name": "Florida Orlando Mission", "headquarters": "Orlando, FL", "country": "United States" },
  { "name": "Florida Tampa Mission", "headquarters": "Tampa, FL", "country": "United States" },
  { "name": "Florida Miami Mission", "headquarters": "Miami, FL", "country": "United States" },
  { "name": "Georgia Atlanta Mission", "headquarters": "Atlanta, GA", "country": "United States" },
  { "name": "Illinois Chicago Mission", "headquarters": "Chicago, IL", "country": "United States" },
  { "name": "Idaho Boise Mission", "headquarters": "Boise, ID", "country": "United States" },
  
  { "name": "Canada Toronto Mission", "headquarters": "Toronto", "country": "Canada" },
  { "name": "Canada Vancouver Mission", "headquarters": "Vancouver", "country": "Canada" },
  { "name": "Canada Calgary Mission", "headquarters": "Calgary", "country": "Canada" },
  
  { "name": "Mexico Mexico City Mission", "headquarters": "Mexico City", "country": "Mexico" },
  { "name": "Mexico Mexico City North Mission", "headquarters": "Mexico City", "country": "Mexico" },
  { "name": "Mexico Guadalajara Mission", "headquarters": "Guadalajara", "country": "Mexico" },
  { "name": "Mexico Monterrey Mission", "headquarters": "Monterrey", "country": "Mexico" },
  { "name": "Mexico Tijuana Mission", "headquarters": "Tijuana", "country": "Mexico" },
  
  { "name": "Guatemala Guatemala City Mission", "headquarters": "Guatemala City", "country": "Guatemala" },
  { "name": "Honduras Tegucigalpa Mission", "headquarters": "Tegucigalpa", "country": "Honduras" },
  { "name": "El Salvador San Salvador Mission", "headquarters": "San Salvador", "country": "El Salvador" },
  { "name": "Nicaragua Managua Mission", "headquarters": "Managua", "country": "Nicaragua" },
  { "name": "Costa Rica San José Mission", "headquarters": "San José", "country": "Costa Rica" },
  { "name": "Panama Panama City Mission", "headquarters": "Panama City", "country": "Panama" },
  
  { "name": "Brazil São Paulo South Mission", "headquarters": "São Paulo", "country": "Brazil" },
  { "name": "Brazil São Paulo North Mission", "headquarters": "São Paulo", "country": "Brazil" },
  { "name": "Brazil São Paulo East Mission", "headquarters": "São Paulo", "country": "Brazil" },
  { "name": "Brazil Rio de Janeiro Mission", "headquarters": "Rio de Janeiro", "country": "Brazil" },
  { "name": "Brazil Brasília Mission", "headquarters": "Brasília", "country": "Brazil" },
  { "name": "Brazil Curitiba Mission", "headquarters": "Curitiba", "country": "Brazil" },
  { "name": "Brazil Porto Alegre Mission", "headquarters": "Porto Alegre", "country": "Brazil" },
  { "name": "Brazil Recife Mission", "headquarters": "Recife", "country": "Brazil" },
  { "name": "Brazil Fortaleza Mission", "headquarters": "Fortaleza", "country": "Brazil" },
  { "name": "Argentina Buenos Aires Mission", "headquarters": "Buenos Aires", "country": "Argentina" },
  { "name": "Argentina Buenos Aires West Mission", "headquarters": "Buenos Aires", "country": "Argentina" },
  { "name": "Argentina Córdoba Mission", "headquarters": "Córdoba", "country": "Argentina" },
  { "name": "Argentina Mendoza Mission", "headquarters": "Mendoza", "country": "Argentina" },
  { "name": "Chile Santiago Mission", "headquarters": "Santiago", "country": "Chile" },
  { "name": "Chile Santiago South Mission", "headquarters": "Santiago", "country": "Chile" },
  { "name": "Chile Concepción Mission", "headquarters": "Concepción", "country": "Chile" },
  { "name": "Peru Lima Mission", "headquarters": "Lima", "country": "Peru" },
  { "name": "Peru Lima North Mission", "headquarters": "Lima", "country": "Peru" },
  { "name": "Peru Arequipa Mission", "headquarters": "Arequipa", "country": "Peru" },
  { "name": "Peru Trujillo Mission", "headquarters": "Trujillo", "country": "Peru" },
  { "name": "Colombia Bogotá Mission", "headquarters": "Bogotá", "country": "Colombia" },
  { "name": "Colombia Medellín Mission", "headquarters": "Medellín", "country": "Colombia" },
  { "name": "Colombia Cali Mission", "headquarters": "Cali", "country": "Colombia" },
  { "name": "Ecuador Quito Mission", "headquarters": "Quito", "country": "Ecuador" },
  { "name": "Ecuador Guayaquil Mission", "headquarters": "Guayaquil", "country": "Ecuador" },
  { "name": "Bolivia La Paz Mission", "headquarters": "La Paz", "country": "Bolivia" },
  { "name": "Bolivia Cochabamba Mission", "headquarters": "Cochabamba", "country": "Bolivia" },
  { "name": "Paraguay Asunción Mission", "headquarters": "Asunción", "country": "Paraguay" },
  { "name": "Uruguay Montevideo Mission", "headquarters": "Montevideo", "country": "Uruguay" },
  { "name": "Venezuela Caracas Mission", "headquarters": "Caracas", "country": "Venezuela" },
  
  { "name": "England London Mission", "headquarters": "London", "country": "United Kingdom" },
  { "name": "England London South Mission", "headquarters": "London", "country": "United Kingdom" },
  { "name": "England Manchester Mission", "headquarters": "Manchester", "country": "United Kingdom" },
  { "name": "England Birmingham Mission", "headquarters": "Birmingham", "country": "United Kingdom" },
  { "name": "Scotland/Ireland Mission", "headquarters": "Edinburgh", "country": "United Kingdom" },
  { "name": "France Paris Mission", "headquarters": "Paris", "country": "France" },
  { "name": "France Lyon Mission", "headquarters": "Lyon", "country": "France" },
  { "name": "Germany Berlin Mission", "headquarters": "Berlin", "country": "Germany" },
  { "name": "Germany Frankfurt Mission", "headquarters": "Frankfurt", "country": "Germany" },
  { "name": "Germany Munich Mission", "headquarters": "Munich", "country": "Germany" },
  { "name": "Italy Rome Mission", "headquarters": "Rome", "country": "Italy" },
  { "name": "Italy Milan Mission", "headquarters": "Milan", "country": "Italy" },
  { "name": "Spain Madrid Mission", "headquarters": "Madrid", "country": "Spain" },
  { "name": "Spain Barcelona Mission", "headquarters": "Barcelona", "country": "Spain" },
  { "name": "Portugal Lisbon Mission", "headquarters": "Lisbon", "country": "Portugal" },
  { "name": "Portugal Porto Mission", "headquarters": "Porto", "country": "Portugal" },
  { "name": "Netherlands Amsterdam Mission", "headquarters": "Amsterdam", "country": "Netherlands" },
  { "name": "Belgium Brussels Mission", "headquarters": "Brussels", "country": "Belgium" },
  { "name": "Switzerland Zurich Mission", "headquarters": "Zurich", "country": "Switzerland" },
  { "name": "Switzerland Geneva Mission", "headquarters": "Geneva", "country": "Switzerland" },
  { "name": "Austria Vienna Mission", "headquarters": "Vienna", "country": "Austria" },
  { "name": "Poland Warsaw Mission", "headquarters": "Warsaw", "country": "Poland" },
  { "name": "Czech/Slovak Mission", "headquarters": "Prague", "country": "Czech Republic" },
  { "name": "Hungary Budapest Mission", "headquarters": "Budapest", "country": "Hungary" },
  { "name": "Sweden Stockholm Mission", "headquarters": "Stockholm", "country": "Sweden" },
  { "name": "Norway Oslo Mission", "headquarters": "Oslo", "country": "Norway" },
  { "name": "Denmark Copenhagen Mission", "headquarters": "Copenhagen", "country": "Denmark" },
  { "name": "Finland Helsinki Mission", "headquarters": "Helsinki", "country": "Finland" },
  { "name": "Ireland Dublin Mission", "headquarters": "Dublin", "country": "Ireland" },
  { "name": "Greece Athens Mission", "headquarters": "Athens", "country": "Greece" },
  { "name": "Romania Bucharest Mission", "headquarters": "Bucharest", "country": "Romania" },
  { "name": "Ukraine Kyiv Mission", "headquarters": "Kyiv", "country": "Ukraine" },
  { "name": "Russia Moscow Mission", "headquarters": "Moscow", "country": "Russia" },
  
  { "name": "Japan Tokyo Mission", "headquarters": "Tokyo", "country": "Japan" },
  { "name": "Japan Tokyo South Mission", "headquarters": "Tokyo", "country": "Japan" },
  { "name": "Japan Osaka Mission", "headquarters": "Osaka", "country": "Japan" },
  { "name": "Japan Nagoya Mission", "headquarters": "Nagoya", "country": "Japan" },
  { "name": "Japan Sapporo Mission", "headquarters": "Sapporo", "country": "Japan" },
  { "name": "Japan Fukuoka Mission", "headquarters": "Fukuoka", "country": "Japan" },
  { "name": "South Korea Seoul Mission", "headquarters": "Seoul", "country": "South Korea" },
  { "name": "South Korea Seoul South Mission", "headquarters": "Seoul", "country": "South Korea" },
  { "name": "South Korea Busan Mission", "headquarters": "Busan", "country": "South Korea" },
  { "name": "South Korea Daejeon Mission", "headquarters": "Daejeon", "country": "South Korea" },
  { "name": "Philippines Manila Mission", "headquarters": "Manila", "country": "Philippines" },
  { "name": "Philippines Quezon City Mission", "headquarters": "Quezon City", "country": "Philippines" },
  { "name": "Philippines Cebu Mission", "headquarters": "Cebu City", "country": "Philippines" },
  { "name": "Philippines Davao Mission", "headquarters": "Davao City", "country": "Philippines" },
  { "name": "Taiwan Taipei Mission", "headquarters": "Taipei", "country": "Taiwan" },
  { "name": "Taiwan Taichung Mission", "headquarters": "Taichung", "country": "Taiwan" },
  { "name": "Hong Kong Mission", "headquarters": "Hong Kong", "country": "Hong Kong" },
  { "name": "Singapore Mission", "headquarters": "Singapore", "country": "Singapore" },
  { "name": "Thailand Bangkok Mission", "headquarters": "Bangkok", "country": "Thailand" },
  { "name": "Vietnam Ho Chi Minh City Mission", "headquarters": "Ho Chi Minh City", "country": "Vietnam" },
  { "name": "Indonesia Jakarta Mission", "headquarters": "Jakarta", "country": "Indonesia" },
  { "name": "Malaysia Kuala Lumpur Mission", "headquarters": "Kuala Lumpur", "country": "Malaysia" },
  { "name": "India New Delhi Mission", "headquarters": "New Delhi", "country": "India" },
  { "name": "India Bangalore Mission", "headquarters": "Bangalore", "country": "India" },
  { "name": "Mongolia Ulaanbaatar Mission", "headquarters": "Ulaanbaatar", "country": "Mongolia" },
  { "name": "Cambodia Phnom Penh Mission", "headquarters": "Phnom Penh", "country": "Cambodia" },
  
  { "name": "Australia Sydney Mission", "headquarters": "Sydney", "country": "Australia" },
  { "name": "Australia Melbourne Mission", "headquarters": "Melbourne", "country": "Australia" },
  { "name": "Australia Brisbane Mission", "headquarters": "Brisbane", "country": "Australia" },
  { "name": "Australia Perth Mission", "headquarters": "Perth", "country": "Australia" },
  { "name": "Australia Adelaide Mission", "headquarters": "Adelaide", "country": "Australia" },
  { "name": "New Zealand Auckland Mission", "headquarters": "Auckland", "country": "New Zealand" },
  { "name": "New Zealand Wellington Mission", "headquarters": "Wellington", "country": "New Zealand" },
  { "name": "Fiji Suva Mission", "headquarters": "Suva", "country": "Fiji" },
  { "name": "Samoa Apia Mission", "headquarters": "Apia", "country": "Samoa" },
  { "name": "Tonga Nuku'alofa Mission", "headquarters": "Nuku'alofa", "country": "Tonga" },
  { "name": "Papua New Guinea Port Moresby Mission", "headquarters": "Port Moresby", "country": "Papua New Guinea" },
  { "name": "Vanuatu Port Vila Mission", "headquarters": "Port Vila", "country": "Vanuatu" },
  
  { "name": "Ghana Accra Mission", "headquarters": "Accra", "country": "Ghana" },
  { "name": "Ghana Cape Coast Mission", "headquarters": "Cape Coast", "country": "Ghana" },
  { "name": "Ghana Kumasi Mission", "headquarters": "Kumasi", "country": "Ghana" },
  { "name": "Nigeria Lagos Mission", "headquarters": "Lagos", "country": "Nigeria" },
  { "name": "Nigeria Benin City Mission", "headquarters": "Benin City", "country": "Nigeria" },
  { "name": "Nigeria Abuja Mission", "headquarters": "Abuja", "country": "Nigeria" },
  { "name": "Nigeria Port Harcourt Mission", "headquarters": "Port Harcourt", "country": "Nigeria" },
  { "name": "Kenya Nairobi Mission", "headquarters": "Nairobi", "country": "Kenya" },
  { "name": "South Africa Johannesburg Mission", "headquarters": "Johannesburg", "country": "South Africa" },
  { "name": "South Africa Cape Town Mission", "headquarters": "Cape Town", "country": "South Africa" },
  { "name": "South Africa Durban Mission", "headquarters": "Durban", "country": "South Africa" },
  { "name": "Democratic Republic of Congo Kinshasa Mission", "headquarters": "Kinshasa", "country": "Democratic Republic of Congo" },
  { "name": "Democratic Republic of Congo Lubumbashi Mission", "headquarters": "Lubumbashi", "country": "Democratic Republic of Congo" },
  { "name": "Uganda Kampala Mission", "headquarters": "Kampala", "country": "Uganda" },
  { "name": "Tanzania Dar es Salaam Mission", "headquarters": "Dar es Salaam", "country": "Tanzania" },
  { "name": "Zimbabwe Harare Mission", "headquarters": "Harare", "country": "Zimbabwe" },
  { "name": "Zambia Lusaka Mission", "headquarters": "Lusaka", "country": "Zambia" },
  { "name": "Mozambique Maputo Mission", "headquarters": "Maputo", "country": "Mozambique" },
  { "name": "Ethiopia Addis Ababa Mission", "headquarters": "Addis Ababa", "country": "Ethiopia" },
  { "name": "Ivory Coast Abidjan Mission", "headquarters": "Abidjan", "country": "Ivory Coast" },
  { "name": "Cameroon Douala Mission", "headquarters": "Douala", "country": "Cameroon" },
  { "name": "Madagascar Antananarivo Mission", "headquarters": "Antananarivo", "country": "Madagascar" },
  { "name": "Liberia Monrovia Mission", "headquarters": "Monrovia", "country": "Liberia" },
  { "name": "Sierra Leone Freetown Mission", "headquarters": "Freetown", "country": "Sierra Leone" },
  { "name": "Benin Cotonou Mission", "headquarters": "Cotonou", "country": "Benin" },
  { "name": "Togo Lomé Mission", "headquarters": "Lomé", "country": "Togo" }
]
